,user_type,user_count,percentage_of_total_users
0,super_user,812,0.13265806240810324
1,semi_super_user,2555,0.41741545499101457
2,regular_user,2754,0.4499264826008822
