,user_type,user_count,percentage_of_total_users
0,super_user,717,0.11944027986006997
1,semi_super_user,2437,0.40596368482425454
2,regular_user,2849,0.4745960353156755
