,user_type,user_count,percentage_of_total_users
0,super_user,783,0.13537344398340248
1,semi_super_user,2260,0.39073305670816044
2,regular_user,2741,0.47389349930843705
